timestamp,group_seed,username,password,hash_mode,protection_flags,result,latency_ms,attempt_number
2025-12-30 16:52:23,25493314,user1,123456,argon2id,none,False,67.13,1
2025-12-30 16:52:25,25493314,user1,password,argon2id,none,False,63.53,2
2025-12-30 16:52:27,25493314,user1,12345678,argon2id,none,False,56.04,3
2025-12-30 16:52:29,25493314,user1,qwerty,argon2id,none,False,50.28,4
2025-12-30 16:52:31,25493314,user1,123456789,argon2id,none,False,50.87,5
2025-12-30 16:52:33,25493314,user1,12345,argon2id,none,False,53.34,6
2025-12-30 16:52:35,25493314,user1,1234,argon2id,none,True,56.52,7
2025-12-30 16:52:37,25493314,admin,123456,argon2id,none,False,54.01,1
2025-12-30 16:52:40,25493314,admin,password,argon2id,none,False,72.63,2
2025-12-30 16:52:42,25493314,admin,12345678,argon2id,none,False,53.17,3
2025-12-30 16:52:44,25493314,admin,qwerty,argon2id,none,False,51.83,4
2025-12-30 16:52:46,25493314,admin,123456789,argon2id,none,False,57.48,5
2025-12-30 16:52:48,25493314,admin,12345,argon2id,none,False,51.09,6
2025-12-30 16:52:50,25493314,admin,1234,argon2id,none,False,53.83,7
2025-12-30 16:52:52,25493314,admin,111111,argon2id,none,False,57.86,8
2025-12-30 16:52:54,25493314,admin,1234567,argon2id,none,False,52.1,9
2025-12-30 16:52:57,25493314,admin,dragon,argon2id,none,False,53.09,10
2025-12-30 16:52:59,25493314,admin,123123,argon2id,none,False,53.2,11
2025-12-30 16:53:01,25493314,admin,baseball,argon2id,none,False,51.23,12
2025-12-30 16:53:03,25493314,admin,abc123,argon2id,none,False,51.71,13
2025-12-30 16:53:05,25493314,admin,football,argon2id,none,False,52.38,14
2025-12-30 16:53:07,25493314,admin,monkey,argon2id,none,False,57.04,15
2025-12-30 16:53:09,25493314,admin,letmein,argon2id,none,False,55.77,16
2025-12-30 16:53:11,25493314,admin,shadow,argon2id,none,False,52.6,17
2025-12-30 16:53:13,25493314,admin,master,argon2id,none,False,51.33,18
2025-12-30 16:53:16,25493314,admin,666666,argon2id,none,False,51.51,19
2025-12-30 16:53:18,25493314,admin,qwertyuiop,argon2id,none,False,63.36,20
2025-12-30 16:53:20,25493314,admin,123321,argon2id,none,False,57.96,21
2025-12-30 16:53:22,25493314,admin,mustang,argon2id,none,False,59.6,22
2025-12-30 16:53:24,25493314,admin,121212,argon2id,none,False,57.4,23
2025-12-30 16:53:26,25493314,admin,000000,argon2id,none,False,56.89,24
2025-12-30 16:53:28,25493314,admin,password1,argon2id,none,False,55.76,25
2025-12-30 16:53:30,25493314,admin,admin,argon2id,none,True,58.38,26
2025-12-30 16:53:33,25493314,guest,123456,argon2id,none,False,56.19,1
2025-12-30 16:53:35,25493314,guest,password,argon2id,none,False,55.79,2
2025-12-30 16:53:37,25493314,guest,12345678,argon2id,none,False,63.77,3
2025-12-30 16:53:39,25493314,guest,qwerty,argon2id,none,False,58.49,4
2025-12-30 16:53:41,25493314,guest,123456789,argon2id,none,False,57.92,5
2025-12-30 16:53:43,25493314,guest,12345,argon2id,none,False,57.48,6
2025-12-30 16:53:45,25493314,guest,1234,argon2id,none,False,55.49,7
2025-12-30 16:53:47,25493314,guest,111111,argon2id,none,False,58.3,8
2025-12-30 16:53:50,25493314,guest,1234567,argon2id,none,False,58.71,9
2025-12-30 16:53:52,25493314,guest,dragon,argon2id,none,False,64.24,10
2025-12-30 16:53:54,25493314,guest,123123,argon2id,none,False,60.11,11
2025-12-30 16:53:56,25493314,guest,baseball,argon2id,none,False,57.59,12
2025-12-30 16:53:58,25493314,guest,abc123,argon2id,none,False,56.68,13
2025-12-30 16:54:00,25493314,guest,football,argon2id,none,False,60.39,14
2025-12-30 16:54:02,25493314,guest,monkey,argon2id,none,False,56.78,15
2025-12-30 16:54:04,25493314,guest,letmein,argon2id,none,False,56.97,16
2025-12-30 16:54:06,25493314,guest,shadow,argon2id,none,False,57.98,17
2025-12-30 16:54:09,25493314,guest,master,argon2id,none,False,66.24,18
2025-12-30 16:54:11,25493314,guest,666666,argon2id,none,False,61.12,19
2025-12-30 16:54:13,25493314,guest,qwertyuiop,argon2id,none,False,59.22,20
2025-12-30 16:54:15,25493314,guest,123321,argon2id,none,False,52.43,21
2025-12-30 16:54:17,25493314,guest,mustang,argon2id,none,False,55.55,22
2025-12-30 16:54:19,25493314,guest,121212,argon2id,none,False,52.63,23
2025-12-30 16:54:21,25493314,guest,000000,argon2id,none,False,53.65,24
2025-12-30 16:54:23,25493314,guest,password1,argon2id,none,False,57.68,25
2025-12-30 16:54:26,25493314,guest,admin,argon2id,none,False,54.97,26
2025-12-30 16:54:28,25493314,guest,admin123,argon2id,none,False,53.61,27
2025-12-30 16:54:30,25493314,guest,root,argon2id,none,False,53.84,28
2025-12-30 16:54:32,25493314,guest,toor,argon2id,none,False,54.67,29
2025-12-30 16:54:34,25493314,guest,pass,argon2id,none,False,52.42,30
2025-12-30 16:54:36,25493314,guest,25493314test,argon2id,none,False,55.31,31
2025-12-30 16:54:38,25493314,guest,test123,argon2id,none,False,54.53,32
2025-12-30 16:54:40,25493314,guest,guest,argon2id,none,True,54.53,33
2025-12-30 16:54:42,25493314,test,123456,argon2id,none,False,52.37,1
2025-12-30 16:54:45,25493314,test,password,argon2id,none,False,51.78,2
2025-12-30 16:54:47,25493314,test,12345678,argon2id,none,False,54.31,3
2025-12-30 16:54:49,25493314,test,qwerty,argon2id,none,False,55.62,4
2025-12-30 16:54:51,25493314,test,123456789,argon2id,none,False,54.85,5
2025-12-30 16:54:53,25493314,test,12345,argon2id,none,False,52.86,6
2025-12-30 16:54:55,25493314,test,1234,argon2id,none,False,54.67,7
2025-12-30 16:54:57,25493314,test,111111,argon2id,none,False,55.7,8
2025-12-30 16:54:59,25493314,test,1234567,argon2id,none,False,53.55,9
2025-12-30 16:55:02,25493314,test,dragon,argon2id,none,False,54.99,10
2025-12-30 16:55:04,25493314,test,123123,argon2id,none,False,53.33,11
2025-12-30 16:55:06,25493314,test,baseball,argon2id,none,False,53.4,12
2025-12-30 16:55:08,25493314,test,abc123,argon2id,none,False,53.94,13
2025-12-30 16:55:10,25493314,test,football,argon2id,none,False,55.89,14
2025-12-30 16:55:12,25493314,test,monkey,argon2id,none,False,54.42,15
2025-12-30 16:55:14,25493314,test,letmein,argon2id,none,False,55.56,16
2025-12-30 16:55:16,25493314,test,shadow,argon2id,none,False,53.67,17
2025-12-30 16:55:19,25493314,test,master,argon2id,none,False,55.28,18
2025-12-30 16:55:21,25493314,test,666666,argon2id,none,False,55.57,19
2025-12-30 16:55:23,25493314,test,qwertyuiop,argon2id,none,False,55.41,20
2025-12-30 16:55:25,25493314,test,123321,argon2id,none,False,56.63,21
2025-12-30 16:55:27,25493314,test,mustang,argon2id,none,False,55.3,22
2025-12-30 16:55:29,25493314,test,121212,argon2id,none,False,58.63,23
2025-12-30 16:55:31,25493314,test,000000,argon2id,none,False,57.86,24
2025-12-30 16:55:33,25493314,test,password1,argon2id,none,False,58.45,25
2025-12-30 16:55:35,25493314,test,admin,argon2id,none,False,53.37,26
2025-12-30 16:55:38,25493314,test,admin123,argon2id,none,False,53.96,27
2025-12-30 16:55:40,25493314,test,root,argon2id,none,False,55.99,28
2025-12-30 16:55:42,25493314,test,toor,argon2id,none,False,55.25,29
2025-12-30 16:55:44,25493314,test,pass,argon2id,none,False,55.29,30
2025-12-30 16:55:46,25493314,test,25493314test,argon2id,none,False,56.55,31
2025-12-30 16:55:48,25493314,test,test123,argon2id,none,True,55.98,32
2025-12-30 16:55:50,25493314,hello,123456,argon2id,none,False,57.83,1
2025-12-30 16:55:53,25493314,hello,password,argon2id,none,False,74.46,2
2025-12-30 16:55:55,25493314,hello,12345678,argon2id,none,False,57.21,3
2025-12-30 16:55:57,25493314,hello,qwerty,argon2id,none,False,57.02,4
2025-12-30 16:55:59,25493314,hello,123456789,argon2id,none,False,56.98,5
2025-12-30 16:56:01,25493314,hello,12345,argon2id,none,False,60.53,6
2025-12-30 16:56:03,25493314,hello,1234,argon2id,none,False,57.92,7
2025-12-30 16:56:05,25493314,hello,111111,argon2id,none,False,57.51,8
2025-12-30 16:56:07,25493314,hello,1234567,argon2id,none,False,59.52,9
2025-12-30 16:56:10,25493314,hello,dragon,argon2id,none,False,59.35,10
2025-12-30 16:56:12,25493314,hello,123123,argon2id,none,False,56.82,11
2025-12-30 16:56:14,25493314,hello,baseball,argon2id,none,False,55.24,12
2025-12-30 16:56:16,25493314,hello,abc123,argon2id,none,False,51.29,13
2025-12-30 16:56:18,25493314,hello,football,argon2id,none,False,49.36,14
2025-12-30 16:56:20,25493314,hello,monkey,argon2id,none,False,51.05,15
2025-12-30 16:56:22,25493314,hello,letmein,argon2id,none,False,49.51,16
2025-12-30 16:56:24,25493314,hello,shadow,argon2id,none,False,52.62,17
2025-12-30 16:56:26,25493314,hello,master,argon2id,none,False,52.99,18
2025-12-30 16:56:29,25493314,hello,666666,argon2id,none,False,57.08,19
2025-12-30 16:56:31,25493314,hello,qwertyuiop,argon2id,none,False,58.18,20
2025-12-30 16:56:33,25493314,hello,123321,argon2id,none,False,52.15,21
2025-12-30 16:56:35,25493314,hello,mustang,argon2id,none,False,54.38,22
2025-12-30 16:56:37,25493314,hello,121212,argon2id,none,False,57.45,23
2025-12-30 16:56:39,25493314,hello,000000,argon2id,none,False,55.83,24
2025-12-30 16:56:41,25493314,hello,password1,argon2id,none,False,52.22,25
2025-12-30 16:56:43,25493314,hello,admin,argon2id,none,False,53.11,26
2025-12-30 16:56:45,25493314,hello,admin123,argon2id,none,False,51.12,27
2025-12-30 16:56:48,25493314,hello,root,argon2id,none,False,51.14,28
2025-12-30 16:56:50,25493314,hello,toor,argon2id,none,False,51.18,29
2025-12-30 16:56:52,25493314,hello,pass,argon2id,none,False,55.06,30
2025-12-30 16:56:54,25493314,hello,25493314test,argon2id,none,False,55.71,31
2025-12-30 16:56:56,25493314,hello,test123,argon2id,none,False,54.37,32
2025-12-30 16:56:58,25493314,hello,guest,argon2id,none,False,53.21,33
2025-12-30 16:57:00,25493314,hello,guest123,argon2id,none,False,52.62,34
2025-12-30 16:57:02,25493314,hello,user,argon2id,none,False,54.41,35
2025-12-30 16:57:05,25493314,hello,user123,argon2id,none,False,53.2,36
2025-12-30 16:57:07,25493314,hello,login,argon2id,none,False,51.09,37
2025-12-30 16:57:09,25493314,hello,login123,argon2id,none,False,52.51,38
2025-12-30 16:57:11,25493314,hello,welcome,argon2id,none,False,49.79,39
2025-12-30 16:57:13,25493314,hello,welcome1,argon2id,none,False,51.95,40
2025-12-30 16:57:15,25493314,hello,password123,argon2id,none,False,53.91,41
2025-12-30 16:57:17,25493314,hello,admin1,argon2id,none,False,50.54,42
2025-12-30 16:57:19,25493314,hello,root123,argon2id,none,False,51.1,43
2025-12-30 16:57:21,25493314,hello,pass123,argon2id,none,False,50.82,44
2025-12-30 16:57:23,25493314,hello,1q2w3e4r,argon2id,none,False,55.23,45
2025-12-30 16:57:26,25493314,hello,qwerty123,argon2id,none,False,53.44,46
2025-12-30 16:57:28,25493314,hello,1234567890,argon2id,none,False,51.62,47
2025-12-30 16:57:30,25493314,hello,987654321,argon2id,none,False,51.0,48
2025-12-30 16:57:32,25493314,hello,hello,argon2id,none,True,55.17,49
2025-12-30 16:57:34,25493314,name,123456,argon2id,none,False,50.59,1
2025-12-30 16:57:36,25493314,name,password,argon2id,none,False,52.02,2
2025-12-30 16:57:38,25493314,name,12345678,argon2id,none,False,51.78,3
2025-12-30 16:57:40,25493314,name,qwerty,argon2id,none,False,51.65,4
2025-12-30 16:57:43,25493314,name,123456789,argon2id,none,False,50.53,5
2025-12-30 16:57:45,25493314,name,12345,argon2id,none,False,51.69,6
2025-12-30 16:57:47,25493314,name,1234,argon2id,none,False,50.53,7
2025-12-30 16:57:49,25493314,name,111111,argon2id,none,False,51.04,8
2025-12-30 16:57:51,25493314,name,1234567,argon2id,none,False,50.24,9
2025-12-30 16:57:53,25493314,name,dragon,argon2id,none,False,58.78,10
2025-12-30 16:57:55,25493314,name,123123,argon2id,none,False,51.49,11
2025-12-30 16:57:57,25493314,name,baseball,argon2id,none,False,51.7,12
2025-12-30 16:57:59,25493314,name,abc123,argon2id,none,False,52.54,13
2025-12-30 16:58:02,25493314,name,football,argon2id,none,False,51.8,14
2025-12-30 16:58:04,25493314,name,monkey,argon2id,none,False,51.02,15
2025-12-30 16:58:06,25493314,name,letmein,argon2id,none,False,54.27,16
2025-12-30 16:58:08,25493314,name,shadow,argon2id,none,False,50.43,17
2025-12-30 16:58:10,25493314,name,master,argon2id,none,False,52.96,18
2025-12-30 16:58:12,25493314,name,666666,argon2id,none,False,53.99,19
2025-12-30 16:58:14,25493314,name,qwertyuiop,argon2id,none,False,50.78,20
2025-12-30 16:58:16,25493314,name,123321,argon2id,none,False,52.56,21
2025-12-30 16:58:18,25493314,name,mustang,argon2id,none,False,50.13,22
2025-12-30 16:58:21,25493314,name,121212,argon2id,none,False,52.28,23
2025-12-30 16:58:23,25493314,name,000000,argon2id,none,False,57.53,24
2025-12-30 16:58:25,25493314,name,password1,argon2id,none,False,50.35,25
2025-12-30 16:58:27,25493314,name,admin,argon2id,none,False,52.73,26
2025-12-30 16:58:29,25493314,name,admin123,argon2id,none,False,53.43,27
2025-12-30 16:58:31,25493314,name,root,argon2id,none,False,51.15,28
2025-12-30 16:58:33,25493314,name,toor,argon2id,none,False,49.89,29
2025-12-30 16:58:35,25493314,name,pass,argon2id,none,False,50.36,30
2025-12-30 16:58:38,25493314,name,25493314test,argon2id,none,False,52.09,31
2025-12-30 16:58:40,25493314,name,test123,argon2id,none,False,50.06,32
2025-12-30 16:58:42,25493314,name,guest,argon2id,none,False,50.79,33
2025-12-30 16:58:44,25493314,name,guest123,argon2id,none,False,54.06,34
2025-12-30 16:58:46,25493314,name,user,argon2id,none,False,53.21,35
2025-12-30 16:58:48,25493314,name,user123,argon2id,none,False,49.74,36
2025-12-30 16:58:50,25493314,name,login,argon2id,none,False,54.65,37
2025-12-30 16:58:52,25493314,name,login123,argon2id,none,False,50.6,38
2025-12-30 16:58:54,25493314,name,welcome,argon2id,none,False,55.36,39
2025-12-30 16:58:57,25493314,name,welcome1,argon2id,none,False,70.02,40
2025-12-30 16:58:59,25493314,name,password123,argon2id,none,False,50.99,41
2025-12-30 16:59:01,25493314,name,admin1,argon2id,none,False,54.74,42
2025-12-30 16:59:03,25493314,name,root123,argon2id,none,False,52.85,43
2025-12-30 16:59:05,25493314,name,pass123,argon2id,none,False,51.56,44
2025-12-30 16:59:07,25493314,name,1q2w3e4r,argon2id,none,False,51.74,45
2025-12-30 16:59:09,25493314,name,qwerty123,argon2id,none,False,52.18,46
2025-12-30 16:59:11,25493314,name,1234567890,argon2id,none,False,55.25,47
2025-12-30 16:59:13,25493314,name,987654321,argon2id,none,False,57.83,48
2025-12-30 16:59:16,25493314,name,hello,argon2id,none,False,55.55,49
2025-12-30 16:59:18,25493314,name,hello123,argon2id,none,False,55.19,50
2025-12-30 16:59:20,25493314,name,iloveyou,argon2id,none,False,56.82,51
2025-12-30 16:59:22,25493314,name,sunshine,argon2id,none,False,58.81,52
2025-12-30 16:59:24,25493314,name,princess,argon2id,none,False,50.65,53
2025-12-30 16:59:26,25493314,name,Password1,argon2id,none,False,52.43,54
2025-12-30 16:59:28,25493314,name,Password123,argon2id,none,False,53.76,55
2025-12-30 16:59:30,25493314,name,Admin123,argon2id,none,False,53.65,56
2025-12-30 16:59:32,25493314,name,Welcome1,argon2id,none,False,55.27,57
2025-12-30 16:59:35,25493314,name,Student123,argon2id,none,False,51.55,58
2025-12-30 16:59:37,25493314,name,Student99,argon2id,none,False,51.67,59
2025-12-30 16:59:39,25493314,name,Test2024,argon2id,none,False,51.61,60
2025-12-30 16:59:41,25493314,name,Login456,argon2id,none,False,51.59,61
2025-12-30 16:59:43,25493314,name,Python101,argon2id,none,False,51.06,62
2025-12-30 16:59:45,25493314,name,demo,argon2id,none,False,49.83,63
2025-12-30 16:59:47,25493314,name,student,argon2id,none,False,57.29,64
2025-12-30 16:59:49,25493314,name,name,argon2id,none,False,53.34,65
2025-12-30 16:59:52,25493314,name,1111,argon2id,none,True,51.14,66
2025-12-30 16:59:54,25493314,login,123456,argon2id,none,False,50.95,1
2025-12-30 16:59:56,25493314,login,password,argon2id,none,False,51.22,2
2025-12-30 16:59:58,25493314,login,12345678,argon2id,none,False,53.66,3
2025-12-30 17:00:00,25493314,login,qwerty,argon2id,none,False,52.88,4
2025-12-30 17:00:02,25493314,login,123456789,argon2id,none,False,50.19,5
2025-12-30 17:00:04,25493314,login,12345,argon2id,none,False,52.05,6
2025-12-30 17:00:06,25493314,login,1234,argon2id,none,False,51.94,7
2025-12-30 17:00:08,25493314,login,111111,argon2id,none,False,52.94,8
2025-12-30 17:00:11,25493314,login,1234567,argon2id,none,False,52.13,9
2025-12-30 17:00:13,25493314,login,dragon,argon2id,none,False,51.44,10
2025-12-30 17:00:15,25493314,login,123123,argon2id,none,False,53.73,11
2025-12-30 17:00:17,25493314,login,baseball,argon2id,none,False,55.76,12
2025-12-30 17:00:19,25493314,login,abc123,argon2id,none,False,58.36,13
2025-12-30 17:00:21,25493314,login,football,argon2id,none,False,54.14,14
2025-12-30 17:00:23,25493314,login,monkey,argon2id,none,False,51.92,15
2025-12-30 17:00:25,25493314,login,letmein,argon2id,none,False,54.36,16
2025-12-30 17:00:28,25493314,login,shadow,argon2id,none,False,56.32,17
2025-12-30 17:00:30,25493314,login,master,argon2id,none,False,53.75,18
2025-12-30 17:00:32,25493314,login,666666,argon2id,none,False,56.79,19
2025-12-30 17:00:34,25493314,login,qwertyuiop,argon2id,none,False,52.91,20
2025-12-30 17:00:36,25493314,login,123321,argon2id,none,False,55.36,21
2025-12-30 17:00:38,25493314,login,mustang,argon2id,none,False,52.77,22
2025-12-30 17:00:40,25493314,login,121212,argon2id,none,False,51.06,23
2025-12-30 17:00:42,25493314,login,000000,argon2id,none,False,55.28,24
2025-12-30 17:00:45,25493314,login,password1,argon2id,none,False,54.13,25
2025-12-30 17:00:47,25493314,login,admin,argon2id,none,False,53.23,26
2025-12-30 17:00:49,25493314,login,admin123,argon2id,none,False,53.89,27
2025-12-30 17:00:51,25493314,login,root,argon2id,none,False,49.55,28
2025-12-30 17:00:53,25493314,login,toor,argon2id,none,False,50.95,29
2025-12-30 17:00:55,25493314,login,pass,argon2id,none,False,54.44,30
2025-12-30 17:00:57,25493314,login,25493314test,argon2id,none,False,54.76,31
2025-12-30 17:00:59,25493314,login,test123,argon2id,none,False,52.95,32
2025-12-30 17:01:01,25493314,login,guest,argon2id,none,False,51.49,33
2025-12-30 17:01:04,25493314,login,guest123,argon2id,none,False,55.05,34
2025-12-30 17:01:06,25493314,login,user,argon2id,none,False,54.51,35
2025-12-30 17:01:08,25493314,login,user123,argon2id,none,False,51.98,36
2025-12-30 17:01:10,25493314,login,login,argon2id,none,True,51.97,37
2025-12-30 17:01:12,25493314,abc,123456,argon2id,none,False,53.38,1
2025-12-30 17:01:14,25493314,abc,password,argon2id,none,False,51.91,2
2025-12-30 17:01:16,25493314,abc,12345678,argon2id,none,False,54.93,3
2025-12-30 17:01:18,25493314,abc,qwerty,argon2id,none,False,51.91,4
2025-12-30 17:01:21,25493314,abc,123456789,argon2id,none,False,53.86,5
2025-12-30 17:01:23,25493314,abc,12345,argon2id,none,False,50.6,6
2025-12-30 17:01:25,25493314,abc,1234,argon2id,none,False,51.2,7
2025-12-30 17:01:27,25493314,abc,111111,argon2id,none,False,51.11,8
2025-12-30 17:01:29,25493314,abc,1234567,argon2id,none,False,48.62,9
2025-12-30 17:01:31,25493314,abc,dragon,argon2id,none,False,54.84,10
2025-12-30 17:01:33,25493314,abc,123123,argon2id,none,False,51.92,11
2025-12-30 17:01:35,25493314,abc,baseball,argon2id,none,False,52.85,12
2025-12-30 17:01:38,25493314,abc,abc123,argon2id,none,True,54.35,13
2025-12-30 17:01:40,25493314,demo,123456,argon2id,none,False,55.17,1
2025-12-30 17:01:42,25493314,demo,password,argon2id,none,False,54.53,2
2025-12-30 17:01:44,25493314,demo,12345678,argon2id,none,False,51.45,3
2025-12-30 17:01:46,25493314,demo,qwerty,argon2id,none,False,52.11,4
2025-12-30 17:01:48,25493314,demo,123456789,argon2id,none,False,52.11,5
2025-12-30 17:01:50,25493314,demo,12345,argon2id,none,False,52.25,6
2025-12-30 17:01:52,25493314,demo,1234,argon2id,none,False,53.66,7
2025-12-30 17:01:54,25493314,demo,111111,argon2id,none,False,51.06,8
2025-12-30 17:01:57,25493314,demo,1234567,argon2id,none,False,53.42,9
2025-12-30 17:01:59,25493314,demo,dragon,argon2id,none,False,51.74,10
2025-12-30 17:02:01,25493314,demo,123123,argon2id,none,False,52.92,11
2025-12-30 17:02:03,25493314,demo,baseball,argon2id,none,False,51.56,12
2025-12-30 17:02:05,25493314,demo,abc123,argon2id,none,False,54.59,13
2025-12-30 17:02:07,25493314,demo,football,argon2id,none,False,50.1,14
2025-12-30 17:02:09,25493314,demo,monkey,argon2id,none,False,50.73,15
2025-12-30 17:02:11,25493314,demo,letmein,argon2id,none,False,52.78,16
2025-12-30 17:02:13,25493314,demo,shadow,argon2id,none,False,52.4,17
2025-12-30 17:02:16,25493314,demo,master,argon2id,none,False,50.76,18
2025-12-30 17:02:18,25493314,demo,666666,argon2id,none,False,50.69,19
2025-12-30 17:02:20,25493314,demo,qwertyuiop,argon2id,none,False,51.06,20
2025-12-30 17:02:22,25493314,demo,123321,argon2id,none,False,51.41,21
2025-12-30 17:02:24,25493314,demo,mustang,argon2id,none,False,50.43,22
2025-12-30 17:02:26,25493314,demo,121212,argon2id,none,False,49.85,23
2025-12-30 17:02:28,25493314,demo,000000,argon2id,none,False,70.17,24
2025-12-30 17:02:31,25493314,demo,password1,argon2id,none,False,73.07,25
2025-12-30 17:02:33,25493314,demo,admin,argon2id,none,False,60.73,26
2025-12-30 17:02:35,25493314,demo,admin123,argon2id,none,False,82.13,27
2025-12-30 17:02:37,25493314,demo,root,argon2id,none,False,60.75,28
2025-12-30 17:02:39,25493314,demo,toor,argon2id,none,False,72.66,29
2025-12-30 17:02:41,25493314,demo,pass,argon2id,none,False,58.83,30
2025-12-30 17:02:43,25493314,demo,25493314test,argon2id,none,False,52.84,31
2025-12-30 17:02:46,25493314,demo,test123,argon2id,none,False,55.56,32
2025-12-30 17:02:48,25493314,demo,guest,argon2id,none,False,52.16,33
2025-12-30 17:02:50,25493314,demo,guest123,argon2id,none,False,69.69,34
2025-12-30 18:22:57,25493314,demo,user,argon2id,none,False,201.87,35
2025-12-30 18:22:59,25493314,demo,user123,argon2id,none,False,90.24,36
2025-12-30 18:23:01,25493314,demo,login,argon2id,none,False,73.42,37
2025-12-30 18:23:03,25493314,demo,login123,argon2id,none,False,89.96,38
2025-12-30 18:23:05,25493314,demo,welcome,argon2id,none,False,66.68,39
2025-12-30 18:23:08,25493314,demo,welcome1,argon2id,none,False,60.43,40
2025-12-30 18:23:10,25493314,demo,password123,argon2id,none,False,105.06,41
2025-12-30 18:23:12,25493314,demo,admin1,argon2id,none,False,103.36,42
2025-12-30 18:23:14,25493314,demo,root123,argon2id,none,False,91.78,43
2025-12-30 18:23:16,25493314,demo,pass123,argon2id,none,False,116.44,44
2025-12-30 18:23:18,25493314,demo,1q2w3e4r,argon2id,none,False,131.9,45
2025-12-30 18:23:21,25493314,demo,qwerty123,argon2id,none,False,100.23,46
2025-12-30 18:23:23,25493314,demo,1234567890,argon2id,none,False,92.21,47
2025-12-30 18:23:25,25493314,demo,987654321,argon2id,none,False,65.8,48
2025-12-30 18:23:27,25493314,demo,hello,argon2id,none,False,102.57,49
2025-12-30 18:23:29,25493314,demo,hello123,argon2id,none,False,111.1,50
2025-12-30 18:23:32,25493314,demo,iloveyou,argon2id,none,False,110.95,51
2025-12-30 18:23:34,25493314,demo,sunshine,argon2id,none,False,83.53,52
2025-12-30 18:23:36,25493314,demo,princess,argon2id,none,False,74.71,53
2025-12-30 18:23:38,25493314,demo,Password1,argon2id,none,False,75.14,54
2025-12-30 18:23:40,25493314,demo,Password123,argon2id,none,False,55.99,55
2025-12-30 18:23:42,25493314,demo,Admin123,argon2id,none,False,83.18,56
2025-12-30 18:23:45,25493314,demo,Welcome1,argon2id,none,False,71.53,57
2025-12-30 18:23:47,25493314,demo,Student123,argon2id,none,False,79.21,58
2025-12-30 18:23:49,25493314,demo,Student99,argon2id,none,False,77.58,59
2025-12-30 18:23:51,25493314,demo,Test2024,argon2id,none,False,88.25,60
2025-12-30 18:23:53,25493314,demo,Login456,argon2id,none,False,56.92,61
2025-12-30 18:23:55,25493314,demo,Python101,argon2id,none,False,56.43,62
2025-12-30 18:23:57,25493314,demo,demo,argon2id,none,True,57.09,63
2025-12-30 18:24:00,25493314,student,123456,argon2id,none,False,57.75,1
2025-12-30 18:24:02,25493314,student,password,argon2id,none,False,50.58,2
2025-12-30 18:24:04,25493314,student,12345678,argon2id,none,False,57.21,3
2025-12-30 18:24:06,25493314,student,qwerty,argon2id,none,False,62.57,4
2025-12-30 18:24:08,25493314,student,123456789,argon2id,none,False,70.07,5
2025-12-30 18:24:10,25493314,student,12345,argon2id,none,False,61.73,6
2025-12-30 18:24:12,25493314,student,1234,argon2id,none,False,60.08,7
2025-12-30 18:24:14,25493314,student,111111,argon2id,none,False,55.16,8
2025-12-30 18:24:17,25493314,student,1234567,argon2id,none,False,51.84,9
2025-12-30 18:24:19,25493314,student,dragon,argon2id,none,False,54.88,10
2025-12-30 18:24:21,25493314,student,123123,argon2id,none,False,53.93,11
2025-12-30 18:24:23,25493314,student,baseball,argon2id,none,False,62.95,12
2025-12-30 18:24:25,25493314,student,abc123,argon2id,none,False,55.97,13
2025-12-30 18:24:27,25493314,student,football,argon2id,none,False,55.34,14
2025-12-30 18:24:29,25493314,student,monkey,argon2id,none,False,63.14,15
2025-12-30 18:24:31,25493314,student,letmein,argon2id,none,False,53.45,16
2025-12-30 18:24:33,25493314,student,shadow,argon2id,none,False,51.12,17
2025-12-30 18:24:36,25493314,student,master,argon2id,none,False,51.17,18
2025-12-30 18:24:38,25493314,student,666666,argon2id,none,False,55.27,19
2025-12-30 18:24:40,25493314,student,qwertyuiop,argon2id,none,False,51.22,20
2025-12-30 18:24:42,25493314,student,123321,argon2id,none,False,55.05,21
2025-12-30 18:24:44,25493314,student,mustang,argon2id,none,False,51.11,22
2025-12-30 18:24:46,25493314,student,121212,argon2id,none,False,53.71,23
2025-12-30 18:24:48,25493314,student,000000,argon2id,none,False,51.78,24
2025-12-30 18:24:50,25493314,student,password1,argon2id,none,False,52.17,25
2025-12-30 18:24:53,25493314,student,admin,argon2id,none,False,53.73,26
2025-12-30 18:24:55,25493314,student,admin123,argon2id,none,False,52.66,27
2025-12-30 18:24:57,25493314,student,root,argon2id,none,False,53.4,28
2025-12-30 18:24:59,25493314,student,toor,argon2id,none,False,54.04,29
2025-12-30 18:25:01,25493314,student,pass,argon2id,none,False,51.63,30
2025-12-30 18:25:03,25493314,student,25493314test,argon2id,none,False,53.27,31
2025-12-30 18:25:05,25493314,student,test123,argon2id,none,False,53.75,32
2025-12-30 18:25:07,25493314,student,guest,argon2id,none,False,54.83,33
2025-12-30 18:25:10,25493314,student,guest123,argon2id,none,False,53.82,34
2025-12-30 18:25:12,25493314,student,user,argon2id,none,False,53.81,35
2025-12-30 18:25:14,25493314,student,user123,argon2id,none,False,50.72,36
2025-12-30 18:25:16,25493314,student,login,argon2id,none,False,49.35,37
2025-12-30 18:25:18,25493314,student,login123,argon2id,none,False,56.15,38
2025-12-30 18:25:20,25493314,student,welcome,argon2id,none,False,54.54,39
2025-12-30 18:25:22,25493314,student,welcome1,argon2id,none,False,53.69,40
2025-12-30 18:25:24,25493314,student,password123,argon2id,none,False,54.96,41
2025-12-30 18:25:27,25493314,student,admin1,argon2id,none,False,52.68,42
2025-12-30 18:25:29,25493314,student,root123,argon2id,none,False,57.13,43
2025-12-30 18:25:31,25493314,student,pass123,argon2id,none,False,54.83,44
2025-12-30 18:25:33,25493314,student,1q2w3e4r,argon2id,none,False,57.01,45
2025-12-30 18:25:35,25493314,student,qwerty123,argon2id,none,False,51.25,46
2025-12-30 18:25:37,25493314,student,1234567890,argon2id,none,False,52.06,47
2025-12-30 18:25:39,25493314,student,987654321,argon2id,none,False,52.5,48
2025-12-30 18:25:41,25493314,student,hello,argon2id,none,False,52.35,49
2025-12-30 18:25:43,25493314,student,hello123,argon2id,none,False,51.33,50
2025-12-30 18:25:46,25493314,student,iloveyou,argon2id,none,False,52.97,51
2025-12-30 18:25:48,25493314,student,sunshine,argon2id,none,False,54.17,52
2025-12-30 18:25:50,25493314,student,princess,argon2id,none,False,52.81,53
2025-12-30 18:25:52,25493314,student,Password1,argon2id,none,False,53.62,54
2025-12-30 18:25:54,25493314,student,Password123,argon2id,none,False,52.06,55
2025-12-30 18:25:56,25493314,student,Admin123,argon2id,none,False,52.15,56
2025-12-30 18:25:58,25493314,student,Welcome1,argon2id,none,False,51.64,57
2025-12-30 18:26:00,25493314,student,Student123,argon2id,none,False,54.33,58
2025-12-30 18:26:03,25493314,student,Student99,argon2id,none,False,53.1,59
2025-12-30 18:26:05,25493314,student,Test2024,argon2id,none,False,52.11,60
2025-12-30 18:26:07,25493314,student,Login456,argon2id,none,False,53.65,61
2025-12-30 18:26:09,25493314,student,Python101,argon2id,none,False,51.68,62
2025-12-30 18:26:11,25493314,student,demo,argon2id,none,False,52.07,63
2025-12-30 18:26:13,25493314,student,student,argon2id,none,True,50.02,64
2025-12-30 18:26:15,25493314,Student_user,123456,argon2id,none,False,52.34,1
2025-12-30 18:26:17,25493314,Student_user,password,argon2id,none,False,55.48,2
2025-12-30 18:26:19,25493314,Student_user,12345678,argon2id,none,False,53.85,3
2025-12-30 18:26:22,25493314,Student_user,qwerty,argon2id,none,False,53.05,4
2025-12-30 18:26:24,25493314,Student_user,123456789,argon2id,none,False,52.91,5
2025-12-30 18:26:26,25493314,Student_user,12345,argon2id,none,False,57.47,6
2025-12-30 18:26:28,25493314,Student_user,1234,argon2id,none,False,56.22,7
2025-12-30 18:26:30,25493314,Student_user,111111,argon2id,none,False,54.63,8
2025-12-30 18:26:32,25493314,Student_user,1234567,argon2id,none,False,51.51,9
2025-12-30 18:26:34,25493314,Student_user,dragon,argon2id,none,False,52.8,10
2025-12-30 18:26:36,25493314,Student_user,123123,argon2id,none,False,50.51,11
2025-12-30 18:26:39,25493314,Student_user,baseball,argon2id,none,False,52.0,12
2025-12-30 18:26:41,25493314,Student_user,abc123,argon2id,none,False,50.79,13
2025-12-30 18:26:43,25493314,Student_user,football,argon2id,none,False,48.45,14
2025-12-30 18:26:45,25493314,Student_user,monkey,argon2id,none,False,51.01,15
2025-12-30 18:26:47,25493314,Student_user,letmein,argon2id,none,False,56.16,16
2025-12-30 18:26:49,25493314,Student_user,shadow,argon2id,none,False,62.71,17
2025-12-30 18:26:51,25493314,Student_user,master,argon2id,none,False,52.2,18
2025-12-30 18:26:53,25493314,Student_user,666666,argon2id,none,False,53.52,19
2025-12-30 18:26:56,25493314,Student_user,qwertyuiop,argon2id,none,False,54.14,20
2025-12-30 18:26:58,25493314,Student_user,123321,argon2id,none,False,53.18,21
2025-12-30 18:27:00,25493314,Student_user,mustang,argon2id,none,False,55.61,22
2025-12-30 18:27:02,25493314,Student_user,121212,argon2id,none,False,59.18,23
2025-12-30 18:27:04,25493314,Student_user,000000,argon2id,none,False,51.64,24
2025-12-30 18:27:06,25493314,Student_user,password1,argon2id,none,False,53.24,25
2025-12-30 18:27:08,25493314,Student_user,admin,argon2id,none,False,55.03,26
2025-12-30 18:27:10,25493314,Student_user,admin123,argon2id,none,False,53.37,27
2025-12-30 18:27:13,25493314,Student_user,root,argon2id,none,False,51.65,28
2025-12-30 18:27:15,25493314,Student_user,toor,argon2id,none,False,53.79,29
2025-12-30 18:27:17,25493314,Student_user,pass,argon2id,none,False,54.64,30
2025-12-30 18:27:19,25493314,Student_user,25493314test,argon2id,none,False,54.17,31
2025-12-30 18:27:21,25493314,Student_user,test123,argon2id,none,False,52.74,32
2025-12-30 18:27:23,25493314,Student_user,guest,argon2id,none,False,54.22,33
2025-12-30 18:27:25,25493314,Student_user,guest123,argon2id,none,False,53.92,34
2025-12-30 18:27:27,25493314,Student_user,user,argon2id,none,False,52.86,35
2025-12-30 18:27:29,25493314,Student_user,user123,argon2id,none,False,50.95,36
2025-12-30 18:27:32,25493314,Student_user,login,argon2id,none,False,53.49,37
2025-12-30 18:27:34,25493314,Student_user,login123,argon2id,none,False,51.48,38
2025-12-30 18:27:36,25493314,Student_user,welcome,argon2id,none,False,51.33,39
2025-12-30 18:27:38,25493314,Student_user,welcome1,argon2id,none,False,57.71,40
2025-12-30 18:27:40,25493314,Student_user,password123,argon2id,none,False,51.14,41
2025-12-30 18:27:42,25493314,Student_user,admin1,argon2id,none,False,50.95,42
2025-12-30 18:27:44,25493314,Student_user,root123,argon2id,none,False,49.98,43
2025-12-30 18:27:46,25493314,Student_user,pass123,argon2id,none,False,49.4,44
2025-12-30 18:27:49,25493314,Student_user,1q2w3e4r,argon2id,none,False,51.64,45
2025-12-30 18:27:51,25493314,Student_user,qwerty123,argon2id,none,False,51.96,46
2025-12-30 18:27:53,25493314,Student_user,1234567890,argon2id,none,False,51.86,47
2025-12-30 18:27:55,25493314,Student_user,987654321,argon2id,none,False,54.07,48
2025-12-30 18:27:57,25493314,Student_user,hello,argon2id,none,False,53.03,49
2025-12-30 18:27:59,25493314,Student_user,hello123,argon2id,none,False,50.19,50
2025-12-30 18:28:01,25493314,Student_user,iloveyou,argon2id,none,False,51.14,51
2025-12-30 18:28:03,25493314,Student_user,sunshine,argon2id,none,False,50.64,52
2025-12-30 18:28:05,25493314,Student_user,princess,argon2id,none,False,54.48,53
2025-12-30 18:28:08,25493314,Student_user,Password1,argon2id,none,False,57.55,54
2025-12-30 18:28:10,25493314,Student_user,Password123,argon2id,none,False,50.16,55
2025-12-30 18:28:12,25493314,Student_user,Admin123,argon2id,none,False,53.61,56
2025-12-30 18:28:14,25493314,Student_user,Welcome1,argon2id,none,False,55.31,57
2025-12-30 18:28:16,25493314,Student_user,Student123,argon2id,none,True,51.1,58
2025-12-30 18:28:18,25493314,user_test,123456,argon2id,none,False,54.79,1
2025-12-30 18:28:20,25493314,user_test,password,argon2id,none,False,52.78,2
2025-12-30 18:28:22,25493314,user_test,12345678,argon2id,none,False,50.76,3
2025-12-30 18:28:25,25493314,user_test,qwerty,argon2id,none,False,51.4,4
2025-12-30 18:28:27,25493314,user_test,123456789,argon2id,none,False,51.03,5
2025-12-30 18:28:29,25493314,user_test,12345,argon2id,none,False,63.2,6
2025-12-30 18:28:31,25493314,user_test,1234,argon2id,none,False,58.49,7
2025-12-30 18:28:33,25493314,user_test,111111,argon2id,none,False,54.49,8
2025-12-30 18:28:35,25493314,user_test,1234567,argon2id,none,False,51.3,9
2025-12-30 18:28:37,25493314,user_test,dragon,argon2id,none,False,51.67,10
2025-12-30 18:28:39,25493314,user_test,123123,argon2id,none,False,51.56,11
2025-12-30 18:28:41,25493314,user_test,baseball,argon2id,none,False,50.99,12
2025-12-30 18:28:44,25493314,user_test,abc123,argon2id,none,False,51.84,13
2025-12-30 18:28:46,25493314,user_test,football,argon2id,none,False,52.44,14
2025-12-30 18:28:48,25493314,user_test,monkey,argon2id,none,False,52.19,15
2025-12-30 18:28:50,25493314,user_test,letmein,argon2id,none,False,51.05,16
2025-12-30 18:28:52,25493314,user_test,shadow,argon2id,none,False,49.93,17
2025-12-30 18:28:54,25493314,user_test,master,argon2id,none,False,51.83,18
2025-12-30 18:28:56,25493314,user_test,666666,argon2id,none,False,53.12,19
2025-12-30 18:28:59,25493314,user_test,qwertyuiop,argon2id,none,False,65.09,20
2025-12-30 18:29:01,25493314,user_test,123321,argon2id,none,False,52.52,21
2025-12-30 18:29:03,25493314,user_test,mustang,argon2id,none,False,52.68,22
2025-12-30 18:29:05,25493314,user_test,121212,argon2id,none,False,52.81,23
2025-12-30 18:29:07,25493314,user_test,000000,argon2id,none,False,51.36,24
2025-12-30 18:29:09,25493314,user_test,password1,argon2id,none,False,52.84,25
2025-12-30 18:29:11,25493314,user_test,admin,argon2id,none,False,51.47,26
2025-12-30 18:29:13,25493314,user_test,admin123,argon2id,none,False,54.0,27
2025-12-30 18:29:16,25493314,user_test,root,argon2id,none,False,52.7,28
2025-12-30 18:29:18,25493314,user_test,toor,argon2id,none,False,52.83,29
2025-12-30 18:29:20,25493314,user_test,pass,argon2id,none,False,52.1,30
2025-12-30 18:29:22,25493314,user_test,25493314test,argon2id,none,False,54.8,31
2025-12-30 18:29:24,25493314,user_test,test123,argon2id,none,False,50.86,32
2025-12-30 18:29:26,25493314,user_test,guest,argon2id,none,False,51.84,33
2025-12-30 18:29:28,25493314,user_test,guest123,argon2id,none,False,50.6,34
2025-12-30 18:29:30,25493314,user_test,user,argon2id,none,False,49.51,35
2025-12-30 18:29:33,25493314,user_test,user123,argon2id,none,False,51.26,36
2025-12-30 18:29:35,25493314,user_test,login,argon2id,none,False,52.43,37
2025-12-30 18:29:37,25493314,user_test,login123,argon2id,none,False,50.53,38
2025-12-30 18:29:39,25493314,user_test,welcome,argon2id,none,False,57.09,39
2025-12-30 18:29:41,25493314,user_test,welcome1,argon2id,none,False,47.84,40
2025-12-30 18:29:43,25493314,user_test,password123,argon2id,none,False,50.07,41
2025-12-30 18:29:45,25493314,user_test,admin1,argon2id,none,False,50.65,42
2025-12-30 18:29:47,25493314,user_test,root123,argon2id,none,False,53.48,43
2025-12-30 18:29:50,25493314,user_test,pass123,argon2id,none,False,50.09,44
2025-12-30 18:29:52,25493314,user_test,1q2w3e4r,argon2id,none,False,52.46,45
2025-12-30 18:29:54,25493314,user_test,qwerty123,argon2id,none,False,51.07,46
2025-12-30 18:29:56,25493314,user_test,1234567890,argon2id,none,False,53.51,47
2025-12-30 18:29:58,25493314,user_test,987654321,argon2id,none,False,50.96,48
2025-12-30 18:30:00,25493314,user_test,hello,argon2id,none,False,57.22,49
2025-12-30 18:30:02,25493314,user_test,hello123,argon2id,none,False,52.06,50
2025-12-30 18:30:04,25493314,user_test,iloveyou,argon2id,none,False,57.97,51
2025-12-30 18:30:07,25493314,user_test,sunshine,argon2id,none,False,53.58,52
2025-12-30 18:30:09,25493314,user_test,princess,argon2id,none,False,52.52,53
2025-12-30 18:30:11,25493314,user_test,Password1,argon2id,none,False,52.07,54
2025-12-30 18:30:13,25493314,user_test,Password123,argon2id,none,False,51.38,55
2025-12-30 18:30:15,25493314,user_test,Admin123,argon2id,none,False,51.52,56
2025-12-30 18:30:17,25493314,user_test,Welcome1,argon2id,none,False,52.84,57
2025-12-30 18:30:19,25493314,user_test,Student123,argon2id,none,False,56.54,58
2025-12-30 18:30:21,25493314,user_test,Student99,argon2id,none,False,54.73,59
2025-12-30 18:30:24,25493314,user_test,Test2024,argon2id,none,True,53.94,60
2025-12-30 18:30:26,25493314,bluecat,123456,argon2id,none,False,53.61,1
2025-12-30 18:30:28,25493314,bluecat,password,argon2id,none,False,52.67,2
2025-12-30 18:30:30,25493314,bluecat,12345678,argon2id,none,False,53.37,3
2025-12-30 18:30:32,25493314,bluecat,qwerty,argon2id,none,False,54.08,4
2025-12-30 18:30:34,25493314,bluecat,123456789,argon2id,none,False,52.89,5
2025-12-30 18:30:36,25493314,bluecat,12345,argon2id,none,False,52.3,6
2025-12-30 18:30:38,25493314,bluecat,1234,argon2id,none,False,49.41,7
2025-12-30 18:30:41,25493314,bluecat,111111,argon2id,none,False,50.92,8
2025-12-30 18:30:43,25493314,bluecat,1234567,argon2id,none,False,48.46,9
2025-12-30 18:30:45,25493314,bluecat,dragon,argon2id,none,False,63.16,10
2025-12-30 18:30:47,25493314,bluecat,123123,argon2id,none,False,57.34,11
2025-12-30 18:30:49,25493314,bluecat,baseball,argon2id,none,False,50.04,12
2025-12-30 18:30:51,25493314,bluecat,abc123,argon2id,none,False,52.68,13
2025-12-30 18:30:53,25493314,bluecat,football,argon2id,none,False,50.18,14
2025-12-30 18:30:56,25493314,bluecat,monkey,argon2id,none,False,48.76,15
2025-12-30 18:30:58,25493314,bluecat,letmein,argon2id,none,False,48.56,16
2025-12-30 18:31:00,25493314,bluecat,shadow,argon2id,none,False,53.57,17
2025-12-30 18:31:02,25493314,bluecat,master,argon2id,none,False,55.43,18
2025-12-30 18:31:04,25493314,bluecat,666666,argon2id,none,False,52.97,19
2025-12-30 18:31:06,25493314,bluecat,qwertyuiop,argon2id,none,False,54.39,20
2025-12-30 18:31:08,25493314,bluecat,123321,argon2id,none,False,57.11,21
2025-12-30 18:31:11,25493314,bluecat,mustang,argon2id,none,False,51.89,22
2025-12-30 18:31:13,25493314,bluecat,121212,argon2id,none,False,51.95,23
2025-12-30 18:31:15,25493314,bluecat,000000,argon2id,none,False,53.71,24
2025-12-30 18:31:17,25493314,bluecat,password1,argon2id,none,False,56.29,25
2025-12-30 18:31:19,25493314,bluecat,admin,argon2id,none,False,50.74,26
2025-12-30 18:31:21,25493314,bluecat,admin123,argon2id,none,False,52.72,27
2025-12-30 18:31:23,25493314,bluecat,root,argon2id,none,False,50.15,28
2025-12-30 18:31:25,25493314,bluecat,toor,argon2id,none,False,51.92,29
2025-12-30 18:31:27,25493314,bluecat,pass,argon2id,none,False,52.79,30
2025-12-30 18:31:30,25493314,bluecat,25493314test,argon2id,none,False,51.58,31
2025-12-30 18:31:32,25493314,bluecat,test123,argon2id,none,False,49.47,32
2025-12-30 18:31:34,25493314,bluecat,guest,argon2id,none,False,54.3,33
2025-12-30 18:31:36,25493314,bluecat,guest123,argon2id,none,False,52.69,34
2025-12-30 18:31:38,25493314,bluecat,user,argon2id,none,False,54.56,35
2025-12-30 18:31:40,25493314,bluecat,user123,argon2id,none,False,51.95,36
2025-12-30 18:31:42,25493314,bluecat,login,argon2id,none,False,52.24,37
2025-12-30 18:31:44,25493314,bluecat,login123,argon2id,none,False,56.72,38
2025-12-30 18:31:47,25493314,bluecat,welcome,argon2id,none,False,54.54,39
2025-12-30 18:31:49,25493314,bluecat,welcome1,argon2id,none,False,52.52,40
2025-12-30 18:31:51,25493314,bluecat,password123,argon2id,none,False,51.57,41
2025-12-30 18:31:53,25493314,bluecat,admin1,argon2id,none,False,51.87,42
2025-12-30 18:31:55,25493314,bluecat,root123,argon2id,none,False,53.61,43
2025-12-30 18:31:57,25493314,bluecat,pass123,argon2id,none,False,51.49,44
2025-12-30 18:31:59,25493314,bluecat,1q2w3e4r,argon2id,none,False,50.83,45
2025-12-30 18:32:01,25493314,bluecat,qwerty123,argon2id,none,False,53.76,46
2025-12-30 18:32:04,25493314,bluecat,1234567890,argon2id,none,False,52.77,47
2025-12-30 18:32:06,25493314,bluecat,987654321,argon2id,none,False,51.11,48
2025-12-30 18:32:08,25493314,bluecat,hello,argon2id,none,False,55.24,49
2025-12-30 18:32:10,25493314,bluecat,hello123,argon2id,none,False,54.81,50
2025-12-30 18:32:12,25493314,bluecat,iloveyou,argon2id,none,False,51.63,51
2025-12-30 18:32:14,25493314,bluecat,sunshine,argon2id,none,False,53.26,52
2025-12-30 18:32:16,25493314,bluecat,princess,argon2id,none,False,50.06,53
2025-12-30 18:32:18,25493314,bluecat,Password1,argon2id,none,False,50.96,54
2025-12-30 18:32:21,25493314,bluecat,Password123,argon2id,none,False,49.92,55
2025-12-30 18:32:23,25493314,bluecat,Admin123,argon2id,none,False,52.06,56
2025-12-30 18:32:25,25493314,bluecat,Welcome1,argon2id,none,False,51.35,57
2025-12-30 18:32:27,25493314,bluecat,Student123,argon2id,none,False,52.17,58
2025-12-30 18:32:29,25493314,bluecat,Student99,argon2id,none,False,53.12,59
2025-12-30 18:32:31,25493314,bluecat,Test2024,argon2id,none,False,51.84,60
2025-12-30 18:32:33,25493314,bluecat,Login456,argon2id,none,False,55.31,61
2025-12-30 18:32:35,25493314,bluecat,Python101,argon2id,none,False,50.56,62
2025-12-30 18:32:38,25493314,bluecat,demo,argon2id,none,False,54.09,63
2025-12-30 18:32:40,25493314,bluecat,student,argon2id,none,False,50.97,64
2025-12-30 18:32:42,25493314,bluecat,name,argon2id,none,False,52.84,65
2025-12-30 18:32:44,25493314,bluecat,1111,argon2id,none,False,69.39,66
2025-12-30 18:32:46,25493314,bluecat,BlueCat12,argon2id,none,True,52.33,67
2025-12-30 18:32:48,25493314,student1,123456,argon2id,none,False,51.9,1
2025-12-30 18:32:50,25493314,student1,password,argon2id,none,False,52.37,2
2025-12-30 18:32:52,25493314,student1,12345678,argon2id,none,False,54.15,3
2025-12-30 18:32:55,25493314,student1,qwerty,argon2id,none,False,49.75,4
2025-12-30 18:32:57,25493314,student1,123456789,argon2id,none,False,55.97,5
2025-12-30 18:32:59,25493314,student1,12345,argon2id,none,False,51.54,6
2025-12-30 18:33:01,25493314,student1,1234,argon2id,none,False,54.02,7
2025-12-30 18:33:03,25493314,student1,111111,argon2id,none,False,51.72,8
2025-12-30 18:33:05,25493314,student1,1234567,argon2id,none,False,50.42,9
2025-12-30 18:33:07,25493314,student1,dragon,argon2id,none,False,52.4,10
2025-12-30 18:33:09,25493314,student1,123123,argon2id,none,False,55.2,11
2025-12-30 18:33:12,25493314,student1,baseball,argon2id,none,False,51.75,12
2025-12-30 18:33:14,25493314,student1,abc123,argon2id,none,False,54.48,13
2025-12-30 18:33:16,25493314,student1,football,argon2id,none,False,51.53,14
2025-12-30 18:33:18,25493314,student1,monkey,argon2id,none,False,55.56,15
2025-12-30 18:33:20,25493314,student1,letmein,argon2id,none,False,54.92,16
2025-12-30 18:33:22,25493314,student1,shadow,argon2id,none,False,50.52,17
2025-12-30 18:33:24,25493314,student1,master,argon2id,none,False,51.99,18
2025-12-30 18:33:26,25493314,student1,666666,argon2id,none,False,55.65,19
2025-12-30 18:33:29,25493314,student1,qwertyuiop,argon2id,none,False,49.95,20
2025-12-30 18:33:31,25493314,student1,123321,argon2id,none,False,51.29,21
2025-12-30 18:33:33,25493314,student1,mustang,argon2id,none,False,52.03,22
2025-12-30 18:33:35,25493314,student1,121212,argon2id,none,False,52.51,23
2025-12-30 18:33:37,25493314,student1,000000,argon2id,none,False,51.26,24
2025-12-30 18:33:39,25493314,student1,password1,argon2id,none,False,51.93,25
2025-12-30 18:33:41,25493314,student1,admin,argon2id,none,False,51.41,26
2025-12-30 18:33:43,25493314,student1,admin123,argon2id,none,False,49.52,27
2025-12-30 18:33:46,25493314,student1,root,argon2id,none,False,50.95,28
2025-12-30 18:33:48,25493314,student1,toor,argon2id,none,False,52.78,29
2025-12-30 18:33:50,25493314,student1,pass,argon2id,none,False,54.41,30
2025-12-30 18:33:52,25493314,student1,25493314test,argon2id,none,False,57.64,31
2025-12-30 18:33:54,25493314,student1,test123,argon2id,none,False,55.75,32
2025-12-30 18:33:56,25493314,student1,guest,argon2id,none,False,54.15,33
2025-12-30 18:33:58,25493314,student1,guest123,argon2id,none,False,51.62,34
2025-12-30 18:34:00,25493314,student1,user,argon2id,none,False,53.38,35
2025-12-30 18:34:03,25493314,student1,user123,argon2id,none,False,49.21,36
2025-12-30 18:34:05,25493314,student1,login,argon2id,none,False,49.06,37
2025-12-30 18:34:07,25493314,student1,login123,argon2id,none,False,52.3,38
2025-12-30 18:34:09,25493314,student1,welcome,argon2id,none,False,51.14,39
2025-12-30 18:34:11,25493314,student1,welcome1,argon2id,none,False,50.58,40
2025-12-30 18:34:13,25493314,student1,password123,argon2id,none,False,50.05,41
2025-12-30 18:34:15,25493314,student1,admin1,argon2id,none,False,49.86,42
2025-12-30 18:34:17,25493314,student1,root123,argon2id,none,False,56.95,43
2025-12-30 18:34:20,25493314,student1,pass123,argon2id,none,False,55.78,44
2025-12-30 18:34:22,25493314,student1,1q2w3e4r,argon2id,none,False,51.57,45
2025-12-30 18:34:24,25493314,student1,qwerty123,argon2id,none,False,58.41,46
2025-12-30 18:34:26,25493314,student1,1234567890,argon2id,none,False,52.47,47
2025-12-30 18:34:28,25493314,student1,987654321,argon2id,none,False,53.71,48
2025-12-30 18:34:30,25493314,student1,hello,argon2id,none,False,80.22,49
2025-12-30 18:34:32,25493314,student1,hello123,argon2id,none,False,59.66,50
2025-12-30 18:34:35,25493314,student1,iloveyou,argon2id,none,False,79.29,51
2025-12-30 18:34:37,25493314,student1,sunshine,argon2id,none,False,56.97,52
2025-12-30 18:34:39,25493314,student1,princess,argon2id,none,False,47.83,53
2025-12-30 18:34:41,25493314,student1,Password1,argon2id,none,False,48.68,54
2025-12-30 18:34:43,25493314,student1,Password123,argon2id,none,False,53.04,55
2025-12-30 18:34:45,25493314,student1,Admin123,argon2id,none,False,57.13,56
2025-12-30 18:34:47,25493314,student1,Welcome1,argon2id,none,False,65.78,57

====================,SUMMARY STATISTICS,====================

Metric,Value
Total Attempts,632
Successful Attempts,13
Failed Attempts,619
Success Rate (%),2.06

Unique Usernames Tested,14
Unique Passwords Tested,67

Latency Statistics (ms)
Sum (Total Latency),35120.44
Average Latency,55.57
Median Latency (P50),53.20
Min Latency,47.83
Max Latency,201.87

Percentiles (ms)
10th Percentile (P10),50.60
25th Percentile (P25),51.59
75th Percentile (P75),55.56
90th Percentile (P90),59.22
95th Percentile (P95),69.84
99th Percentile (P99),103.12

Time Range
First Attempt,2025-12-30 16:52:23
Last Attempt,2025-12-30 18:34:47

Report Generated,2025-12-30 20:40:00
